{
  "fx": 202.305758259227,
  "fy": 211.200680468278,
  "cx": 317.6173145320556,
  "cy": 182.31631871603315,
  "width": 640,
  "height": 480,
  "reprojection_error": 0.33783442721140766,
  "num_images": 10
}