{
  "fx": 459.9265659224558,
  "fy": 467.81937400005035,
  "cx": 583.571205970691,
  "cy": 345.2758329759663,
  "width": 1280,
  "height": 720,
  "reprojection_error": 0.2620558327214537,
  "num_images": 12
}